Unnamed: 0,x,y,z
,-7146.8,-113.2,4602.34
,-7371.900000000001,-113.3,4602.8
,-7371.8,111.4,4610.7
,-7146.700000000001,111.5,4603.88
